student_id,insight_rank,insight,recommendation,citation
2025300001,1,"Consistent non-attempts on fundamental chemistry topics, indicating severe foundational gaps.","Systematically review foundational chemistry, beginning with definitions and basic problem types.","Based on Test 7: Solubility (0% acc, 0% att), VSEPR (0% acc, 0% att), Ionic equilibrium (0% acc, 0% att); Test 8: Equilibrium constant (0% acc, 0% att)."
2025300001,2,Persistent difficulties mastering specific organic reaction mechanisms and multi-step synthesis problems.,"Practice mechanism-based problems, focusing on reagent-product relationships and rearrangement steps.","Based on Test 7: Proteins (75% acc, incorrect reaction product); Test 8: Preparation and reactions of alcohols (61.54% acc, complex dehydration)."
2025300001,3,Inconsistent factual recall and precise definition application in key biological processes.,"Utilize active recall methods like flashcards for key terms, disease symptoms, and specific functions.","Based on Test 7: Unknown Botany (gaps in C4 plant facts); Test 8: Vitamins and hormones (0% acc), Cancer, HIV, AIDS (50% acc, carcinogen types)."
2025300001,4,"Conceptual confusion in multi-step biological and chemical processes, especially mechanisms and quantitative aspects.","Visualize processes with diagrams/flowcharts, tracing molecular/cellular events and performing calculations.","Based on Test 7: Fertilisation, embryo development (50% acc, confused cleavage); Test 8: Skeletal muscle (0% acc, misunderstood contraction mechanism)."
2025300001,5,"Systematic avoidance or low attempts on major physiological systems, suggesting significant knowledge voids.",Undertake foundational review of unattempted systems using core textbooks and basic conceptual problems.,"Based on Test 7: Generation and conduction of nerve impulse (0% acc, 0% att), Neuron and nerves (0% acc, 0% att); Test 8: Cardiac cycle (0% acc, 0% att)."
2025300002,1,"Avoids combustion stoichiometry, indicating a fundamental knowledge and confidence gap.","Review mole concepts, balanced equations, and solve 5-7 gas phase stoichiometry problems.",Based on Test 8: 0% topic_accuracy and 0% attempt_ratio on combustion stoichiometry.
2025300002,2,"Unattempted equilibrium constant calculations, revealing a core understanding and confidence gap.",Practice partial pressure and percentage dissociation equilibrium calculations with 5-7 problems.,Based on Test 8: 0% topic_accuracy and 0% attempt_ratio on equilibrium constant calculations.
2025300002,3,Basic conceptual and calculation errors in molar conductivity and electrochemical principles.,"Revise conductivity definitions, formulas, units, and practice 15 minutes of numerical problems.","Based on Test 8: 0% topic_accuracy, 100% attempt_ratio on molar conductivity calculation."
2025300002,4,Fundamental misunderstanding of sequential phases in plant growth and development.,"Revise plant growth phases using diagrams, focusing on sequence and descriptive examples.","Based on Test 8: 0% topic_accuracy, 100% attempt_ratio on plant growth sequential phases."
2025300002,5,"Significant conceptual gaps in enzyme specificity, substrate binding, and Michaelis-Menten kinetics.","Review enzyme characteristics, specificity, and Km definition with conceptual questions.",Based on Test 8: 25% topic_accuracy across 4 questions in Enzymes.
2025300003,1,"Core foundational chemistry concepts (stoichiometry, bonding, equilibrium) are completely unattempted.","Methodically revise stoichiometry, MO theory, and equilibrium calculations from basics.","Based on Test 8: Stoichiometry (0% acc, 0% att), MO Theory (0% acc, 0% att), Equilibrium Constant (0% acc, 0% att), Emp/Mol Formula (0% acc, 0% att), Electronic Config (0% acc, 0% att)."
2025300003,2,Deep conceptual gaps in essential cellular and plant physiological processes are present.,Review all photosynthesis and cell cycle phases with diagrams and input/output mapping.,"Based on Test 8: Enzymes (0% acc, 100% att), Glycolysis (0% acc, 100% att), Light Reaction (0% acc, 100% att), Photorespiration (0% acc, 100% att), Phases of Cell Cycle (0% acc, 100% att)."
2025300003,3,"Persistent errors in organic reaction mechanisms (electrophilic substitution, alcohol reactions) occur.","Systematically practice identifying reaction products and mechanisms, including nucleophilic substitution.","Based on Test 8: Phenols and Ethers (66.67% acc, 100% att); Prep/Reactions of Alcohols (61.54% acc, 84.62% att); Nucleophilic Substitution (0% acc, 0% att)."
2025300003,4,Fundamental physiological regulation and transport mechanisms in humans are misunderstood despite attempts.,"Thoroughly review gas exchange, breathing regulation, and renal reabsorption processes using flowcharts.","Based on Test 8: Exchange of Gases (0% acc, 100% att); Mechanism of Breathing (0% acc, 100% att); Urine Formation (0% acc, 100% att)."
2025300003,5,Struggles with subtle distinctions in electronic effects and periodic trends cause errors.,"Focus on resonance stability, inductive effects, and periodic trend exceptions with comparative examples.","Based on Test 8: Electronic Effects (50% acc, 50% att); Periodic Trends (50% acc, 100% att)."
2025300004,1,"Persistent foundational gaps in core physical chemistry principles like flux, bonding, and thermodynamics.",Methodically review fundamental definitions and apply them through targeted problem-solving drills.,"Based on Test 8: Electric flux (0% accuracy, 0% attempt), Bond parameters (0% accuracy, 0% attempt), Second law of thermodynamics (0% accuracy, 0% attempt)"
2025300004,2,"Struggles with organic functional group identification, isomer enumeration, and specific reaction mechanisms.",Systematically practice drawing isomers and understanding carbocation stability in organic reactions.,"Based on Test 8: Isomerism (33.33% accuracy), Classification and structure (50% accuracy), Preparation and reactions (0% accuracy)"
2025300004,3,"Recurring difficulties with atomic spectra, stoichiometry, and non-ideal solution properties calculations.","Practice numerical problems on atomic spectra and non-ideal solutions, focusing on calculation accuracy.","Based on Test 8: Atomic models (0% accuracy), Empirical and molecular formula (0% accuracy), Stoichiometry (0% accuracy, 0% attempt)"
2025300004,4,"Significant conceptual gaps in enzyme properties, meiosis chromosome counts, and pollen-pistil interactions.",Deeply review biological processes using diagrams and comparative studies for clarity and recall.,"Based on Test 8: Enzymes – types, properties, mechanism (25% accuracy), Meiosis (66.67% accuracy), Pollination – types and agents (33.33% accuracy)"
2025300004,5,Weak factual recall and conceptual understanding of hormone characteristics and animal sex determination.,Create flashcards for hormone properties and practice comparative questions on animal classifications.,"Based on Test 8: Vitamins and hormones (0% accuracy), Endocrine glands and hormones (0% attempt), Salient features and classification of animals (0% accuracy)"
2025300005,1,Consistent foundational gaps in core biological mechanisms across multiple organ systems.,"Systematically review biological processes using diagrams, linking structure to function and regulation.","Based on Test 7: Generation and conduction of nerve impulse (0% acc), Neuron and nerves (0% acc), Zoology Enzymes (0% acc); Test 8: Botany Enzymes (0% acc), Phases of cell cycle (0% acc)."
2025300005,2,Struggles with quantitative application and foundational calculations in physical chemistry concepts.,"Solve targeted numerical problems in physical chemistry, focusing on step-by-step method application.","Based on Test 7: Enthalpy changes (0% acc, 0% att); Test 8: Stoichiometry (0% acc on combustion), Equilibrium constant (0% acc, 0% att)."
2025300005,3,"Conceptual errors in exceptional electronic configurations, quantum properties, and molecular orbital theory.","Revise electronic configuration rules and molecular orbital diagrams, practicing exceptions and property prediction.","Based on Test 7: Electronic configurations (0% acc); Test 8: Electronic configuration (0% acc, 0% att), Molecular orbital theory (0% acc)."
2025300005,4,"Persistent struggles in complex organic reaction mechanisms, multi-step synthesis, and isomer enumeration.",Practice drawing mechanisms for multi-step reactions and enumerating isomers with detailed stereochemistry.,"Based on Test 8: Isomerism (33.33% acc on enumeration), Phenols and ethers (66.67% acc, confusion in multi-step products), Preparation and reactions of alcohols (struggles dehydration/reactivity)."
2025300005,5,Conceptual gaps in light reaction electron transfer and quantitative meiosis problems.,Study electron transport chain diagrams and practice numerical problems for chromosome counts in meiosis.,"Based on Test 7: Unknown (Botany) (weakness light reactions); Test 8: Light reaction (50% acc, electron transfer issue), Meiosis (83.33% acc, quantitative application issue)."
2025300006,1,Persistent avoidance of fundamental chemistry concepts due to knowledge gaps.,"Actively study isomerism, electronic effects, collision theory, and atomic theories.","Based on Test 7: Isomerism (0% attempt), Electronic configurations (0% attempt), Electronic effects (0% attempt), Collision theory (0% attempt)."
2025300006,2,Consistent errors applying quantitative formulas and stoichiometric scaling in physical chemistry.,"Practice numerical problems for enthalpy, internal energy, and colligative properties, focusing on units.","Based on Test 7: Enthalpy changes (0% accuracy), Internal energy and enthalpy (0% accuracy), Colligative properties (0% accuracy)."
2025300006,3,Recurring conceptual errors in core neuro-muscular and reproductive physiological mechanisms.,"Review impulse conduction, muscle contraction, and hormonal regulation using detailed diagrams.","Based on Test 7: Nerve impulse (50% accuracy), Skeletal muscle (66.67% accuracy), Menstrual cycle (66.67% accuracy)."
2025300006,4,Weakness in precise factual recall and detailed mechanisms across various biological topics.,"Create detailed comparative charts for diseases, drug effects, immunity types, and muscle characteristics.","Based on Test 7: Infectious diseases (66.67% accuracy), Drug abuse (50% accuracy), STDs (0% accuracy), Types of movement (0% accuracy)."
2025300006,5,Struggles with structural interpretation and reaction product prediction in organic chemistry.,"Practice applying VSEPR, identifying organic structures, and predicting biomolecule reaction products.","Based on Test 7: Carbohydrates (70% accuracy), Proteins (75% accuracy), VSEPR theory (0% accuracy)."
2025300007,1,Persistent conceptual and confidence gaps in enzyme function and kinetics.,"Systematically review enzyme types, kinetics, and coenzyme functions with problem sets.","Based on Test 7 (Zoology): 0% accuracy, 0% attempt; Test 8 (Botany): 0% accuracy, 50% attempt (enzyme kinetics)."
2025300007,2,"Foundational struggles with electronic configurations, especially d-block elements and atomic number recall.",Systematically review d-block element configurations and practice matching elements with atomic data.,"Based on Test 7: 0% accuracy (Cr configuration); Test 8: 0% accuracy, 0% attempt (element matching)."
2025300007,3,"Difficulty with complex alcohol reaction mechanisms, synthesis, and esterification reactions.","Focus on carbocation rearrangements, alcohol synthesis, and esterification with mechanism problems.","Based on Test 7: 100% accuracy (simple); Test 8: 53.85% accuracy (rearrangement, synthesis, esterification)."
2025300007,4,Strong in basic stoichiometry but struggles with complex combustion analysis problems.,Practice 10 combustion analysis problems with detailed solutions to build confidence.,"Based on Test 7: 100% accuracy (basic); Test 8: 0% accuracy, 0% attempt (combustion analysis)."
2025300007,5,Persistent difficulty enumerating structural isomers and distinguishing isomer types.,Practice drawing and counting structural isomers from molecular formulas systematically.,"Based on Test 7: 0% accuracy, 0% attempt; Test 8: 33.33% accuracy, 66.67% attempt (enumerating isomers)."
2025300009,1,Many foundational chemistry concepts like atomic structure and periodic trends are unattempted.,"Systematically review basic atomic structure, chemical bonding, and periodic table principles.","Based on Test 8: 'Atomic models' (0% acc, 0% attempt), 'Bond parameters' (0% acc, 0% attempt), 'Periodic trends' (0% acc, 0% attempt), 'Electronic configuration' (0% acc, 0% attempt)."
2025300009,2,"Persistent struggles with organic reactions, including alcohol/phenol mechanisms and structural classification.","Master organic reaction mechanisms (SN1/SN2, dehydration) and structural identification for alcohols/phenols.","Based on Test 8: 'Classification and structure' (0% acc, 100% attempt), 'Preparation and reactions of alcohols' (15.38% acc, 76.92% attempt), 'Phenols and ethers' (16.67% acc, 83.33% attempt), 'Nucleophilic substitution' (0% acc, 0% attempt)."
2025300009,3,Complete avoidance and knowledge gaps in core biological metabolism pathways like photosynthesis/respiration.,"Thoroughly learn metabolic pathways (photosynthesis, respiration) starting with flowcharts and key steps.","Based on Test 8: 'Glycolysis' (0% acc, 0% attempt, 3 Qs), 'TCA cycle' (0% acc, 0% attempt, 3 Qs), 'Light reaction' (0% acc, 0% attempt, 2 Qs), 'C3 and C4 pathways' (0% acc, 0% attempt)."
2025300009,4,Extensive unattempted questions reveal significant knowledge gaps in human physiological systems.,"Prioritize reviewing anatomy and core functions of human excretory, nervous, and endocrine systems.","Based on Test 8: 'Urine formation' (0% acc, 0% attempt), 'Human excretory system' (0% acc, 0% attempt), 'Nervous system' (0% acc, 0% attempt), 'Human endocrine system' (0% acc, 0% attempt), 'Male and female reproductive systems' (0% acc, 0% attempt)."
2025300009,5,"Consistent avoidance of quantitative chemistry problems: stoichiometry, equilibrium, and reaction kinetics.","Practice quantitative problems in stoichiometry, chemical equilibrium, and reaction rates with guided examples.","Based on Test 8: 'Stoichiometry' (0% acc, 0% attempt), 'Equilibrium constant' (0% acc, 0% attempt), 'Integrated rate equations' (0% acc, 0% attempt)."
2025300010,1,"Persistent conceptual gaps exist in enzyme structure, function, classification, and coenzyme roles.","Perform comprehensive review of enzyme types, mechanisms, and cofactors using illustrative examples.","Based on Zoology Test 7: 0% accuracy, 0% attempt ratio; Botany Test 8: 25% accuracy, 50% attempt ratio."
2025300010,2,Consistent failure in applying atomic structure principles to exceptions and quantum properties.,"Revisit quantum atomic models, spectral lines, and electronic configuration exceptions with targeted problems.",Based on Atomic models Test 7: 0% accuracy; Test 8: 0% accuracy; Electronic configurations Test 7: 0% accuracy.
2025300010,3,Recurring difficulty applying quantitative chemical principles to complex stoichiometry and formula derivations.,"Practice multi-step numerical problems involving mole concept, gas laws, and empirical/molecular formula.",Based on Stoichiometry Test 8: 0% accuracy; Empirical and molecular formula Test 8: 0% accuracy.
2025300010,4,"Struggles with specific organic synthetic routes, multi-step reactions, and reaction mechanisms (e.g., Williamson).",Thoroughly review named organic reactions and practice multi-step synthesis problems focusing on mechanisms.,Based on Preparation and reactions of alcohols Test 8: 69.23% accuracy; Phenols and ethers Test 8: 50% accuracy.
2025300010,5,Inconsistent recall of specific procedural and factual details in recombinant DNA technology.,"Study detailed steps of PCR, cloning vector maps (e.g., pBR322), and associated restriction sites.",Based on Processes of recombinant DNA technology Test 8: errors in PCR details; Cloning vectors Test 8: 0% accuracy.
2025300011,1,Consistent avoidance and profound gaps in fundamental quantitative chemistry concepts.,"Master core calculations in stoichiometry, MO theory, and empirical formulas systematically.","Based on Test 8: Stoichiometry (0% acc, 0% attempt), Molecular Orbital Theory (0% acc, 0% attempt), Empirical and molecular formula (0% acc, 0% attempt)."
2025300011,2,Recurring conceptual errors in foundational organic chemistry reactions and properties.,"Systematically review reaction mechanisms, acidity comparisons, and functional group definitions.","Based on Test 8: Electronic effects (0% acc), Preparation and reactions of alcohols (30.77% acc), Phenols and ethers (33.33% acc), Nucleophilic substitution (0% acc)."
2025300011,3,Widespread conceptual gaps in cellular division and key metabolic pathways in botany.,"Focus on precise events of cell cycle, photosynthesis pathways, and respiration energy yields.","Based on Test 8: Enzymes (0% acc, 0% attempt), Meiosis (chromatid count error), Mitosis (0% acc), C3 and C4 pathways (0% acc), TCA cycle (yield error)."
2025300011,4,Persistent misunderstanding of specific human physiological transport and control mechanisms.,"Revisit gas transport, renal reabsorption, and endocrine hormone action details thoroughly.","Based on Test 8: Exchange of gases (0% acc), Urine formation (0% acc), Endocrine glands (0% acc), Lactation (0% acc, 0% attempt)."
2025300011,5,Struggles with detailed biotechnology processes and specific recombinant DNA tools.,"Review PCR, bioreactor principles, and cloning vector structure like pBR322 thoroughly.","Based on Test 8: Processes of recombinant DNA technology (58.82% acc), Cloning vectors (0% acc, 0% attempt)."
2025300012,1,Consistent conceptual and calculation gaps in fundamental quantitative chemistry and physics concepts.,"Systematically review definitions, formulas, and calculation methods for basic mole concepts and thermodynamics.","Based on Test 7-8: Stoichiometry (0% acc, 0% att in T8), Bond Parameters (0% acc, 0% att), Equilibrium Constant (0% acc, 0% att), Second Law (0% acc, 0% att), Electric Flux (0% acc, 0% att)."
2025300012,2,"Persistent difficulty with organic reaction mechanisms, particularly alcohol dehydration and product prediction.","Practice detailed step-by-step mechanism tracing for alcohols, focusing on carbocation rearrangements and oxidation.","Based on Test 7: Preparation and reactions of alcohols (0% acc, 0% att); Test 8: Preparation and reactions of alcohols (15.38% acc, 76.92% att, struggled with dehydration)."
2025300012,3,Significant and persistent conceptual confusion regarding various types of isomerism.,Thoroughly review isomerism definitions using visual aids; practice drawing and categorizing isomer structures.,"Based on Test 7: Isomerism (0% acc, 0% att); Test 8: Isomerism (0% acc, 66.67% att, 33.33% unattempted)."
2025300012,4,Recurring fundamental conceptual errors in enzyme function and key metabolic pathway details.,"Review enzyme mechanisms and core metabolic pathways (e.g., TCA cycle, photorespiration) using detailed flowcharts.","Based on Test 7: Enzymes (Zoology, 0% acc); Test 8: Enzymes (Botany, 0% acc, 25% att), Photorespiration (0% acc), TCA Cycle (missed starting substrate)."
2025300012,5,Difficulty recalling specific details and applying concepts in various human physiology systems.,Utilize detailed diagrams and functional flowcharts to review human body systems and their regulation mechanisms.,"Based on Test 7: Nerve Impulse (50% acc, Nodes of Ranvier); Test 8: Breathing Mechanism (0% acc), Excretory System (0% acc), Male Reproductive System (0% acc)."
2025300014,1,Consistent non-attempts across foundational chemistry concepts indicate significant knowledge gaps.,"Systematically review fundamental chemistry, focusing on basic definitions and interrelations, before problem-solving.","Based on Test 8: Electrochemical cells (0% accuracy, 0% attempt), Stoichiometry (0% accuracy, 0% attempt), Bond parameters (0% accuracy, 0% attempt)."
2025300014,2,"Pervasive knowledge gaps and low confidence in organic chemistry reactions, mechanisms, and structures.","Targeted, stepwise revision of organic reaction mechanisms, electronic effects, and structural isomerism with scaffolded problems.","Based on Test 8: Preparation and reactions of alcohols (7.69% accuracy, 7.69% attempt), Phenols and ethers (0% accuracy, 0% attempt), Isomerism (0% accuracy, 33.33% attempt)."
2025300014,3,Strong biology factual recall but weak understanding of complex multi-step processes and detailed mechanisms.,"Utilize flowcharts and step-by-step diagrams to understand biological processes like respiration, photosynthesis, and cell division.","Based on Test 8: Mitosis (100% accuracy) vs. Glycolysis (0% attempt), TCA cycle (0% attempt), Meiosis (0% accuracy)."
2025300014,4,Consistent struggle with numerical problems and applying formulas across chemistry and botany topics.,"Practice daily numerical drills for stoichiometry, kinetics, equilibrium, and growth rate calculations, starting with solved examples.","Based on Test 8: Stoichiometry (0% attempt), Equilibrium constant (0% attempt), Integrated rate equations (0% attempt), Growth rate (57.14% accuracy)."
2025300014,5,"Recurring fundamental misconceptions in basic biological definitions and mechanisms, despite attempting questions.",Review foundational definitions and distinguishing characteristics of biological concepts to correct specific misconceptions.,"Based on Test 8: Vitamins and hormones (0% accuracy, 100% attempt), C3 and C4 pathways (0% accuracy, 100% attempt), Endocrine glands (0% accuracy, 100% attempt)."
2025300019,1,"Struggles with organic reaction mechanisms, reagent specificity, and multi-step pathway predictions.",Practice drawing mechanisms and predicting products for common organic reactions systematically.,"Based on Test 8: Preparation and reactions of alcohols (38% acc), Phenols and ethers (50% acc), Nucleophilic substitution (0% att)."
2025300019,2,Significant gaps in foundational quantitative chemistry calculations and conceptual understanding.,"Systematically review stoichiometry, molar conductivity, and equilibrium constant problem-solving techniques.","Based on Test 8: Stoichiometry (0% acc/att), Electrochemical cells (0% acc/att), Equilibrium constant (0% acc)."
2025300019,3,Inconsistent quantitative analysis and conceptual linkages in bioenergetics and plant growth.,Focus on energy yield calculations and graphical interpretation with step-by-step verification.,"Based on Test 8: Glycolysis (67% acc), TCA cycle (67% acc), Growth rate (57% acc, 71% att)."
2025300019,4,Recurring conceptual misunderstandings in fundamental biological processes despite question attempts.,Utilize diagrams and step-by-step explanations for complex biological mechanisms and terminology.,"Based on Test 8: Photosynthesis (0% acc), Skeletal muscle (0% acc), Meiosis (33% acc: synapsis errors)."
2025300019,5,Struggles with precise details and practical applications of recombinant DNA tools and processes.,Create detailed flowcharts for rDNA processes and flashcards for specific tool functions and parameters.,"Based on Test 8: rDNA processes (59% acc, PCR/gel errors), Cloning vectors (0% att)."
2025300020,1,Struggles with applying thermodynamic principles to calculations and abstract concepts like entropy,Practice 10 problems on enthalpy changes and 5 conceptual questions on entropy and spontaneity,"Based on Test 7 (Enthalpy changes): 0% accuracy, 0% attempt; Test 8 (Second law of thermodynamics): 0% accuracy, 0% attempt"
2025300020,2,"Difficulty with organic reaction mechanisms, comparative reactivity, and multi-step synthesis pathways","Review alcohol dehydration mechanisms, carbocation rearrangements, and synthesis examples for 30 minutes daily",Based on Test 8 (Preparation and reactions of alcohols): 53.85% accuracy; Test 8 (Phenols and ethers): 16.67% accuracy
2025300020,3,Consistent struggle with detailed human physiological mechanisms and interpreting related diagrams,"Thoroughly revise neuron structure, nerve impulse conduction, and specific hormone functions using diagrams","Based on Test 7 (Neuron and nerves): 0% accuracy, 50% attempt; Test 8 (Nervous system): 0% accuracy, 50% attempt"
2025300020,4,Persistent difficulty with multi-step quantitative problems across various chemistry topics,"Work through 7-10 complex stoichiometry, electrochemistry, and equilibrium calculations step-by-step","Based on Test 8 (Stoichiometry): 0% accuracy, 0% attempt; Test 8 (Electrochemical cells): 0% accuracy, 0% attempt"
2025300020,5,Weakness in precise details of biochemical pathways and quantitative aspects of cell biology,"Focus on electron transfer in glycolysis/TCA, photorespiration products, and cell division counts for 20 minutes daily",Based on Test 8 (Photorespiration): 0% accuracy; Test 8 (Glycolysis): 66.67% accuracy; Test 8 (Meiosis): errors in chromatid count
2025300021,1,Fundamental conceptual gaps in electric flux calculation and field-surface orientation.,"Revise core electric flux concepts, focusing definitions and field-surface orientation.","Based on Test 8: 0% accuracy, 0% attempt ratio, 1 question."
2025300021,2,Fundamental misunderstanding in identifying sigma and pi bonds within molecular structures.,Revisit definitions and identification rules for sigma and pi bonds with diverse examples.,"Based on Test 8: 0% accuracy, 100% attempt ratio, 1 question."
2025300021,3,Complete lack of confidence applying molecular orbital theory concepts to properties.,"Revise MO theory, focusing on MO diagrams, bond order, and magnetic properties.","Based on Test 8: 0% accuracy, 0% attempt ratio, 1 question."
2025300021,4,Complete conceptual gap in understanding specific events defining cell cycle phases.,Thoroughly revise all cell cycle phases and their key events using diagrams.,"Based on Test 8: 0% accuracy, 100% attempt ratio, 1 question."
2025300021,5,Fundamental misunderstanding of muscle contraction mechanisms and protein arrangement.,"Study sliding filament theory using animated videos, then summarize key steps.","Based on Test 8: 0% accuracy, 100% attempt ratio, 1 question."
2025300025,1,"Persistent struggles with atomic models, VSEPR theory, and nuanced periodic property applications.","Thoroughly review Bohr model, VSEPR, and electronic configuration exceptions; practice application problems.","Based on Test 7: Atomic models (0% accuracy), VSEPR theory (0% accuracy, 0% attempt); Test 8: Atomic models (0% accuracy), Periodic trends (0% accuracy on exceptions)."
2025300025,2,"Struggles with advanced organic reaction mechanisms, particularly dehydration, directing effects, and reagent selectivity.","Focus on multi-step reaction mechanisms, reagent conditions, and diagnostic tests for alcohols/phenols.","Based on Test 8: Alcohols (76.92% accuracy, dehydration/Lucas test); Phenols/ethers (83.33% accuracy, electrophilic substitution); Preparation/reactions (50% accuracy, reducing agents)."
2025300025,3,"Fundamental conceptual misunderstanding of gas solubility, non-ideal solutions, and weak electrolyte ionization principles.","Revise Henry's Law, Raoult's Law deviations, and weak electrolyte dilution effects with conceptual questions.","Based on Test 7: Solubility (0% accuracy, Henry's Law); Ionic equilibrium (0% accuracy, weak bases); Test 8: Ideal/non-ideal solutions (0% accuracy, Raoult's Law)."
2025300025,4,Significant conceptual gaps in nerve impulse physiology and detailed human reproductive system anatomy.,"Revisit nerve impulse generation, specific neuron parts, and reproductive system diagrams thoroughly.","Based on Test 7: Nerve impulse (0% accuracy, 50% attempt), Neuron/nerves (50% accuracy); Test 8: Male/female reproductive systems (0% accuracy, anatomy)."
2025300025,5,"Weakness in detailed biomolecule structures, specific reactions (e.g., osazone), and precise vitamin nomenclature.","Use flashcards for carbohydrate cycles, protein reactions, and vitamin names/properties for detailed recall.","Based on Test 7: Carbohydrates (60% accuracy, osazone/cyclic); Proteins (75% accuracy, reactions); Vitamins/hormones (80% accuracy, Pyridoxine); Test 8: Biomolecules (25% accuracy, glycogen/triglycerides)."
